{
  "name": "_myweb",
  "module": "auth",
  "action": "provider",
  "options": {
    "secret": "TXkZjra0JI7w4X3",
    "provider": "Database",
    "connection": "db",
    "passwordVerify": true,
    "users": {
      "table": "users",
      "identity": "id_users",
      "username": "email",
      "password": "password"
    },
    "permissions": {
      "Patient": {
        "table": "roles",
        "identity": "id_users",
        "conditions": [
          {
            "column": "role",
            "operator": "=",
            "value": "P"
          }
        ]
      }
    }
  },
  "meta": [
    {
      "name": "identity",
      "type": "text"
    }
  ]
}